,Change_Citations,Change_Citations_Prev_1,Change_Citations_Prev_3
0,-0.28637347118457024,-0.023844152434656426,-0.03580258036179448
1,-0.19671167506766163,0.3569137034249141,0.718126230962745
2,-0.31441488378644306,-0.06703770624188687,0.29110449788559223
3,0.2325229236719094,0.21827046210783305,-0.39099783393449883
4,-0.19910706149380725,-0.3201537645145204,0.23780955346461136
5,2.54890880234636,-0.013416490971438318,-0.9288179286414511
6,-0.5088673815293799,0.6369343618131663,-0.06977037685388983
7,-0.4519386908244301,1.5762285780418706,-0.03437800078473783
8,0.193871837750203,-0.12403425625044566,-0.23929676736582375
9,0.7328931500102281,0.5693915278676311,-0.4519386908244301
10,-0.21466140851592794,-0.18306521333506953,-0.19632551116617147
11,-0.07452280934059818,0.24763551015442986,-0.395874022541709
12,-0.03175581287224673,-0.3491163171626677,-0.43840246688589973
13,0.251646194527282,0.10165808037155565,-0.24238359818836863
14,-0.12718941414408977,0.23522695434806928,-0.25663330729317446
15,0.9305326897222316,-0.07474738432200179,-0.6974818760127626
16,0.09114346356708233,0.7302826247659371,-0.0223046306919365
17,1.1993151948086895,0.15240831186210296,0.9717198841990142
18,3.610701596462237,-0.550223296139816,-0.013416490971438318
19,-0.3229805379887502,0.6043495522700852,0.2325229236719094
20,1.4406856740649547,-0.6278482896863291,0.6869824887205943
21,-0.07841479257474378,0.4892623578596259,-0.47771640661805037
22,-0.35132599790946295,-0.25979187988943087,-0.087130200066478
23,0.13311296802411757,-0.03844623562851758,-0.24332430794562254
24,0.36111945886174135,-0.05612935936464975,0.03543962029316205
25,-0.2307838395955638,-0.07841479257474378,0.6433141621938658
26,-0.8448143780140359,0.23670746005249108,-0.1815038863794999
27,1.8641287348888436,0.357028082418845,1.3709304095453114
28,-0.38828968982344536,-0.07261255902641206,0.05779490699894684
29,0.42307340405762645,0.03543962029316205,-0.6844126610378287
30,0.06210721028693502,-0.12862255189294444,0.12640551741559664
31,-0.6156710280125535,1.246107322487855,0.7328931500102281
32,-0.4276279824885176,0.018086564983155726,0.21797272027263778
33,0.4892623578596259,0.6433141621938658,1.6525356979497625
34,0.09620389892003463,1.3123050992856928,-0.15579699738217487
35,-0.7489824691210204,-0.3296888910544569,-0.21466140851592794
36,1.5658022509005365,-0.6095154942633141,18.083913331175214
37,0.7128514089579691,-0.4084355908116918,-0.4203689352686558
38,1.4076887257459956,-0.20829037124930624,-0.3110927096578727
39,1.5762285780418706,-0.3772041502348335,-0.2140193521166195
40,-0.21515657394972687,-0.30860163250336886,-0.4297416033943335
41,-0.814009634551925,12.510129967009147,1.2310973472160136
42,0.059669601008837884,0.13671832183558033,0.39419392462565583
43,-0.25741610376807167,0.05638288456095805,0.1735675970688937
44,-0.458781359896153,0.1111821606923653,0.08702116931918653
45,-0.47771640661805037,1.6525356979497625,0.061845314041270014
46,-0.20093426908828554,-0.3207516547937654,-0.22843200398597002
47,0.13217365252583127,-0.16868525756837796,1.7820892850502308
48,0.7371684074493909,0.08702116931918653,-0.3067266007354854
49,-0.14506491556277018,0.6537989256227885,0.5126817967671955
50,-0.11017210126106018,-0.3604970170370398,-0.06850427211461618
51,-0.6534459496730591,1.8641287348888436,-0.46163852005787964
52,1.7443148110843398,-0.2755574947286665,-0.08279747000979495
53,-0.13715260538050236,0.2991553489188185,0.07534424798780663
54,0.8908021254875056,-0.25508951869858304,0.13671832183558033
55,-0.30984507372687375,0.9615929752826105,-0.02193821739466807
56,0.0028768300457981365,-0.06977037685388983,-0.24521644162209041
57,-0.08903429506403988,-0.02193821739466807,-0.4176869385820595
58,-0.4769854632795104,0.9305326897222316,0.4006084854532742
59,0.46711376086332274,0.9759472453334893,-0.9623081753952997
60,0.03843202533425468,-0.052001932281580204,-0.12518963373326253
61,0.28608383279527244,-0.21392070736840346,-0.4084355908116918
62,1.3559558276876265,-0.4769854632795104,-0.07474738432200179
63,0.022195838607875586,-0.4336215884808704,0.8144743150064149
64,-0.4467003050515291,-0.12937095966195006,-0.36097319843981696
65,-0.3011976726212263,0.8908021254875056,0.059669601008837884
66,0.7824701807967317,0.5732743680363692,-0.3813957335111927
67,-0.12044996901207859,-0.12115393167554019,-0.3406731040440562
68,0.2505514867541906,-0.35565449037941477,0.7993002961262483
69,-0.6950340774734565,-0.43709730020246224,-0.16925163458109013
70,0.23803405757205467,-0.4159312227477045,-0.048842142878121754
71,1.8746541268567436,-0.33715777588202445,3.801609137335831
72,0.5047620547507634,-0.10261360427649495,0.23168694137020465
73,-0.755376655715477,-0.4839982968257133,-0.3606981475601816
74,0.07482178444579461,-0.3625559310524346,-0.4769854632795104
75,-0.1760415305759339,-0.10400243690450145,0.9615929752826105
76,0.41383929101627187,-0.04900393119991764,-0.15406167490943357
77,-0.12518963373326253,0.12042545652686285,-0.03984066930075498
78,0.5808270422762525,-0.24625226416531876,-0.20457270805594374
79,-0.395874022541709,0.13044941107973215,0.7252213165212613
81,-0.16925163458109013,0.10503664452614779,0.2825841053327635
82,0.2991553489188185,-0.4562701473097572,-0.001387960361873001
83,-0.6844126610378287,3.610701596462237,2.54890880234636
86,-0.3201537645145204,-0.1836938845772208,-0.17866816324282087
87,-0.24238359818836863,1.5658022509005365,0.21212102138833303
88,-0.24425736573634374,-0.21466140851592794,0.15809524839864245
89,-0.13179020806989114,0.5047620547507634,0.5936237921159696
90,-0.2747841328370219,-0.2505352972149449,-0.08878396155793149
91,0.13464724548441817,-0.6534459496730591,0.357028082418845
92,0.43023467888448585,1.4149363241214028,-0.006371709468470767
93,-0.8201277026712954,-0.27997626451251856,-0.3604970170370398
94,-0.08598594661869528,-0.27154803537139827,-0.06198559376762167
96,-0.35565449037941477,0.18535572690135968,-0.1957632412310325
98,0.19349886163317023,-0.2307838395955638,0.4892623578596259
99,-0.2630646285322869,0.14893446219729534,0.8072164803662413
100,0.026830608694855956,-0.30653016773326347,0.5808270422762525
105,1.246107322487855,-0.26105271125525475,0.5693915278676311
107,-0.1698843256874774,-0.2535381956161755,-0.023844152434656426
109,-0.07261255902641206,-0.48394416900438425,-0.2051163682753385
110,0.5936237921159696,0.23168694137020465,-0.774231911536348
111,0.6433141621938658,-0.47771640661805037,-0.49020679259852085
112,0.28580301583242024,0.35710564239090814,-0.20073122253504494
113,-0.26105271125525475,0.7328931500102281,-0.23658341320509182
114,0.21212102138833303,18.083913331175214,1.1315075812334014
115,-0.7940100365774935,4.937771119128969,2.280307121761906
116,0.9826992258595676,3.423278890354622,4.937771119128969
117,-0.774231911536348,3.400682897768248,0.585338297758111
118,0.09520157898594454,0.5808270422762525,-0.11632259730187
119,-0.4657447704069567,0.7824701807967317,-0.0028682557881258026
120,0.4377799239861656,-0.395874022541709,0.020417203463609458
121,1.427060997693486,1.1859526674959102,1.8274315208562084
122,0.4796501189660071,-0.03984066930075498,-0.26668368153199273
123,-0.4839982968257133,2.2610285847968436e-05,0.330428455735296
124,-0.10377062371469205,-0.04612989364279535,0.043274426800738945
125,0.6162826586391207,-0.12833685054252328,-0.12403425625044566
126,-0.12862255189294444,-0.12296700626018214,0.15696591666031262
127,-0.3067266007354854,2.1069844937602578,-0.1543569922621861
128,-0.7425752155283522,-0.26141449967874414,-0.21481840913572414
129,0.5732743680363692,-0.0028682557881258026,0.0325773127161878
130,0.02985471554781831,-0.10049828263313558,0.8078437902917003
131,-0.3130618087139956,0.038314305937111735,0.05638288456095805
132,-0.2369229185075987,-0.27843497838332537,-0.132543426314961
133,0.1111821606923653,0.7371684074493909,-0.0791178592038648
134,0.23168694137020465,0.003817856037797925,3.400682897768248
135,0.16426570139017432,0.8144743150064149,-0.20265131933273414
136,-0.3673171153952118,0.6387601140855064,0.6369343618131663
137,-0.15406167490943357,-0.4932220895218025,1.427060997693486
138,-0.052001932281580204,-0.045444037351054775,0.12042545652686285
139,-0.1874535364680383,0.253422615995054,0.2826119482853755
140,-0.06198559376762167,0.5193566989380936,-0.10400243690450145
141,0.18535572690135968,0.7993002961262483,0.24122678461485897
142,0.18792276318687307,1.427060997693486,-0.5658989276409556
143,-0.16868525756837796,-0.49127913921398014,-0.6053473701625994
144,-0.9623081753952997,6.084725198579592,4.617149390552788
145,0.2110544251255991,-0.05683463748352059,0.06210721028693502
146,-0.09487360334064995,0.2110544251255991,0.22461466773005684
147,-0.9096137576071799,3.4132387540585565e-05,-0.12718941414408977
148,-0.7006056224048011,-0.3458366164189535,-0.2505352972149449
149,-0.30092392377924077,0.8544456816068299,-0.02191921621369322
150,0.9759472453334893,9.085075870058379,6.084725198579592
151,-0.4159312227477045,0.9738978654150423,-0.09448511419394973
152,0.1036240516654326,0.11567108389839367,2.523405300971134
153,-0.11632259730187,-0.20457270805594374,0.48839158865537713
154,-0.002882118140813683,0.09821004937107201,-0.31468309805774164
155,0.9738978654150423,-0.048842142878121754,-0.4657447704069567
156,-0.30653016773326347,0.09520157898594454,-0.24625226416531876
157,0.5193566989380936,-0.1760415305759339,-0.30984507372687375
158,0.09821004937107201,0.23694160498878714,0.8821977480720927
159,-0.20799907882470828,-0.16925163458109013,-0.22868916403093978
160,-0.21481840913572414,0.06786304907772539,-0.24315383619038783
161,-0.3625559310524346,1.3559558276876265,0.9305326897222316
162,-0.25508951869858304,0.059669601008837884,-0.1865623311181336
163,-0.21207543348612026,0.03478441253938642,0.4805542373094425
164,-0.8100431932978415,-0.3294952005717725,0.02985471554781831
165,-0.4758616423521989,-0.31757864476377895,0.046226700860989255
166,-0.12403425625044566,0.00945676300041398,0.43023467888448585
167,0.20828423470130672,0.6166013181059593,-0.24396261215544032
168,-0.5150348076092001,0.6554102515128599,1.4229139141382965
169,1.1315075812334014,-0.5741366148078152,2.2886116967649626
170,0.05865806308275978,-0.007630024304784254,-0.056411448239287273
171,-0.002755671341821414,-0.19671167506766163,-0.04514792048361781
172,-0.45964336288782137,1.7443148110843398,-0.01845691674903995
173,-0.4175053662423861,0.6606265019317875,0.04000536745762172
174,0.12640551741559664,0.15696591666031262,0.968888246580326
175,-0.7623492823395092,-0.29902342020239886,-0.10377062371469205
176,-0.7315052849949998,-0.30150827912579553,-0.31441488378644306
177,-0.5858207091775596,1.511139464659842,0.2308059436204393
178,-0.7308897329616951,-0.35132599790946295,-0.20059728607612978
179,-0.17646759910184984,-0.17901796702717288,0.35710564239090814
180,-0.02193821739466807,0.9766634649677162,-0.07967295169582066
181,-0.7480565070955988,-0.12465070341578943,-0.30860163250336886
182,0.22461466773005684,0.06210721028693502,-0.12296700626018214
183,-0.740223269528532,-0.36643083935719906,-0.17811044161121653
184,0.15444623130408788,-0.12044996901207859,1.0509786036095916
185,-0.1543569922621861,0.06906547955638757,-0.7392044959993658
186,0.0296220402399158,0.3109047329704171,0.4929981776851842
187,-0.12465070341578943,-0.21515657394972687,0.30806022780133746
188,-0.08279747000979495,0.2559671802076679,0.5149957536921331
189,-0.08134597800833994,0.2762787249214206,0.7074885335289743
190,0.18633841756249747,0.12543600288904652,1.511139464659842
191,-0.3883571331147855,-0.20616728140334997,0.11551158344516517
192,-0.03984066930075498,-0.5067537689046734,0.6349264044524321
194,-0.027418335646676,-0.24521644162209041,0.1036240516654326
195,0.2559671802076679,-0.16392286805381093,-0.2133764532446597
196,-0.5512202798501934,-0.4839700134790987,-0.49421499740539576
197,-0.7259132191057807,2.1527446694480097,1.2119310441646558
198,0.21827046210783305,0.19686161542138347,0.09373457396536339
199,-0.09448511419394973,-0.4657447704069567,0.5732743680363692
200,-0.0791178592038648,-0.3067266007354854,-0.14235794249296377
201,-0.10261360427649495,0.5936237921159696,0.003817856037797925
202,0.5858883942930915,-0.21207543348612026,0.17541791131657414
203,0.17541791131657414,0.4805542373094425,-0.5165095914872387
204,-0.1847504055667501,0.6162826586391207,0.193871837750203
205,-0.26141449967874414,-0.27338945083383237,0.06786304907772539
206,-0.12833685054252328,0.193871837750203,0.00945676300041398
207,-0.8054145529414117,-0.4276279824885176,-0.31519472475858273
208,-0.0022732650694500768,-0.02191921621369322,7.245396171698486
209,-0.36507242517622207,-0.11069012701455433,0.16503615264531502
210,0.2784212136876067,0.6869824887205943,-0.07997172769075502
211,-0.3015570179729551,1.4076887257459956,0.5667527803619465
212,-0.10400243690450145,-0.30984507372687375,-0.08903429506403988
213,0.5149957536921331,-0.2133764532446597,4.344686754904161
214,0.19852152071541926,-0.20265131933273414,-0.6534459496730591
215,0.4275064821304797,1.8746541268567436,-0.8142263639849507
216,-0.29902342020239886,-0.3245288377591659,-0.04612989364279535
217,-0.09568008134059876,-0.2685295461350737,0.2856147018960595
218,-0.04667151245030332,0.968888246580326,0.26802446289358695
219,-0.39099783393449883,0.09373457396536339,0.7302826247659371
220,0.357028082418845,-0.46163852005787964,0.2041324360688022
221,-0.4198992733022783,0.7074885335289743,-0.40923189057296233
222,-0.027167956297183965,-0.08671377363964852,-0.03175581287224673
223,-0.046579631128476955,0.23803405757205467,0.9738978654150423
224,0.5848309408628611,-0.3673171153952118,-0.5088673815293799
225,-0.09492795178182534,-0.36097319843981696,0.31464836216757
226,-0.31757864476377895,-0.295670711242103,-0.04372637944401604
227,-0.23929676736582375,0.43023467888448585,-0.3727915733693709
228,1.2935100928980647,-0.7247319322898456,-0.30092392377924077
229,0.6606265019317875,-0.3050625720432598,-0.004363949952722505
230,-0.550223296139816,2.54890880234636,-0.44409033046163254
231,-0.5107850368534569,-0.5867891845250678,1.326418054406847
232,0.12543600288904652,-0.5858207091775596,-0.10038403878726569
233,-0.2755574947286665,-0.01845691674903995,0.2559671802076679
234,-0.1836938845772208,0.23780955346461136,-0.10718726833143341
235,-0.4458032973916691,0.28608383279527244,0.7128514089579691
236,-0.20059728607612978,-0.087130200066478,-0.12091013885539946
237,0.47624377142515445,-0.20793713215748547,0.6554102515128599
238,-0.6019860604681768,-0.05859665167379447,0.253422615995054
239,1.0509786036095916,-0.3406731040440562,-0.814009634551925
240,0.8029484143906073,-0.30092392377924077,-0.0022732650694500768
241,-0.0166638062414281,-0.18707356821496757,-0.21207543348612026
242,1.0129029744548412,0.47624377142515445,-0.5150348076092001
243,-0.253181732626757,0.10755744189034903,0.008259882099472647
244,-0.8011043671906708,-0.19910706149380725,-0.1836938845772208
245,-0.07430578651252726,0.31447099137293244,0.19349886163317023
246,-0.20829037124930624,0.5667527803619465,1.4406856740649547
247,-0.35046699214039634,0.9747137215748605,0.4275064821304797
248,-0.10038403878726569,0.2308059436204393,-0.5466481122715557
249,-0.25569468682554813,0.16503615264531502,0.034749604035374804
250,0.021144582756258877,-0.07430578651252726,-0.10272664608839051
251,-0.27338945083383237,-0.21481840913572414,-0.015746865508755887
252,0.26256475496436826,-0.0166638062414281,0.5858883942930915
253,0.07534424798780663,-0.001387960361873001,0.6166013181059593
254,-0.05859665167379447,-0.1874535364680383,0.38708006355957736
255,-0.44346571286883235,-0.8595425199116679,-0.5107850368534569
256,-0.3406731040440562,0.9558338794809771,12.510129967009147
257,-0.11069012701455433,-0.25569468682554813,-0.10503938297293182
258,-0.49127913921398014,1.7820892850502308,1.2681146210212986
259,-0.36643083935719906,-0.18082318579706105,-0.119641223954501
260,-0.2140193521166195,-0.0025381316691722687,-0.01363227913959072
261,-0.006371709468470767,-0.0471014357162383,-0.770677443224205
262,1.511139464659842,-0.10038403878726569,0.8475392906455527
263,-0.09464647292511834,-0.35046699214039634,-0.3680363385926305
264,0.046226700860989255,-0.04372637944401604,-0.1149226521142389
265,-0.31440306132128193,-0.20093426908828554,0.2645206083982712
266,-0.3772041502348335,-0.03437800078473783,-0.0025381316691722687
267,-0.3783004244376419,-0.23647619171620934,-0.012780691455919459
268,0.41868650389917994,-0.4458032973916691,-0.21392070736840346
269,0.12656833466385226,-0.07452280934059818,0.4377799239861656
270,-0.45137298713576074,-0.1642291018708505,0.026163157763848043
271,1.4149363241214028,-0.3727915733693709,-0.0471014357162383
272,0.01661439160718641,0.13217365252583127,-0.49127913921398014
273,-0.007630024304784254,-0.03500311949711812,0.26256475496436826
274,-0.05612935936464975,0.42307340405762645,-0.34655801977504097
275,-0.3110927096578727,1.4406856740649547,0.2784212136876067
276,-0.4095236463423497,1.4321122164202145,1.2376251930454336
277,0.04799304513383521,0.8072164803662413,0.18633841756249747
278,-0.18353793756838818,-0.03379770099824425,-0.07634055190750315
279,-0.4562701473097572,0.07534424798780663,0.20828423470130672
280,-0.1815038863794999,-0.306514980267462,0.13518926484169175
281,-0.26983205343724187,0.2325229236719094,0.19686161542138347
282,-0.8445888143307474,2.280307121761906,-0.9902559653429387
283,0.1396835281788761,0.0296220402399158,-0.377857912906456
284,-0.02191921621369322,-0.49550423854391085,0.12631939064794293
285,0.9615929752826105,-0.08903429506403988,0.9766634649677162
286,-0.048842142878121754,-0.09448511419394973,0.7824701807967317
287,0.718126230962745,-0.13715260538050236,-0.4562701473097572
288,0.12042545652686285,0.4796501189660071,-0.5067537689046734
289,-0.8595425199116679,1.8085746952211705,-0.5867891845250678
290,-0.22353401736969597,-0.017481749674844043,0.0706859449593662
291,-0.14560627049333222,-0.07170908676171892,0.2762787249214206
292,-0.09401834839169523,-0.09487360334064995,-0.05683463748352059
293,0.4929981776851842,-0.09464647292511834,0.9747137215748605
295,0.2762787249214206,-0.4198992733022783,0.49879215552225575
296,0.2822767990327014,-0.013954373667255913,-0.22921727613836523
297,-0.7398962166722818,-0.2500236779324735,-0.253181732626757
298,0.6986370713772184,-0.43840246688589973,1.4321122164202145
299,0.018086564983155726,-0.31519472475858273,-0.19668337953782902
300,-0.23658341320509182,-0.4519386908244301,-0.3772041502348335
301,0.33062543233104974,0.29130511825049915,1.7443148110843398
302,-0.3927647256785486,0.56428498715184,0.15444623130408788
303,-0.03437800078473783,-0.2140193521166195,0.7592981409944537
304,-0.35046617300718386,-0.2574960799728098,-0.19177325211238816
305,-0.46163852005787964,1.3709304095453114,-0.2765532498631698
306,0.6349264044524321,1.1993151948086895,-0.6204519711441773
307,-0.324603317231559,-0.2369229185075987,0.06591992718606532
308,0.7302826247659371,1.0215708265808918,-0.39099783393241455
309,0.35710564239090814,-0.029319507269956836,-0.2115885090066931
310,0.8821977480720927,-0.14560627049333222,-0.08134597800833994
311,0.3417358639206486,-0.06198559376762167,-0.1760415305759339
312,1.2376251930454336,-0.057110818697475786,-0.3380061754571667
313,-0.01845691674903995,-0.08279747000979495,-0.16392286805381093
314,-0.23647619171620934,-0.18263334015106594,-0.09332038403700253
315,0.38942661433196357,-0.3229805379887502,-0.26983205343724187
316,0.10165808037155565,-0.037463434603017494,1.5658022509005365
317,-0.4839700134790987,0.08342772245877425,-0.2226008558402172
318,-0.14425779444660916,1.1003968817362964,0.4874863716947141
319,-0.377857912906456,0.4929981776851842,-0.35046699214039634
320,-0.6362623646256628,-0.324603317231559,-0.27843497838332537
321,-0.3296888910544569,-0.24425736573634374,-0.18306521333506953
322,3.423278890354622,-0.7940100365774935,-0.8445888143307474
324,-0.49421499740539576,-0.2226008558402172,-0.4798365600065114
325,9.085075870058379,-0.9623081753952997,-0.9496641066821915
326,-0.2505352972149449,-0.02164699519171828,0.01230819503709087
327,0.5693915278676311,-0.23658341320509182,1.5762285780418706
328,-0.027593091511147288,-0.15255370307602917,-0.04900393119991764
329,0.09373457396536339,0.09114346356708233,1.0215708265808918
330,0.585338297758111,-0.12895623206067938,0.46404120722647557
331,0.00019250310182160972,0.13311296802411757,0.2722349652931972
332,-0.27154803537139827,0.3417358639206486,0.5193566989380936
333,1.1003968817362964,-0.22261877351311804,0.6284785373411496
334,3.4132387540585565e-05,-0.32581015516709644,0.23522695434806928
335,-0.12115393167554019,1.0509786036095916,0.9558338794809771
336,1.8361699905092033,0.1036240516654326,-0.7512873556985433
337,0.9558338794809771,-0.814009634551925,-0.14910680017721983
338,-0.27997626451251856,-0.11017210126106018,0.045018374237808155
339,-0.03844623562851758,0.2722349652931972,0.07482178444579461
340,0.005749174147339159,-0.15406167490943357,0.18792276318687307
341,1.4321122164202145,-0.5687375965437356,-0.057110818697475786
342,0.5377619889364079,0.12656833466385226,0.24763551015442986
343,-0.7498993935840004,-0.3130618087139956,-0.25741610376807167
344,-0.30860163250336886,0.30806022780133746,0.20412799239245477
345,0.010620654178840882,-0.3011976726212263,-0.25508951869858304
346,-0.43709730020246224,-0.20799907882470828,0.10503664452614779
347,-0.2172823214686359,0.08118333138654522,0.01661439160718641
348,-0.28913555420215703,1.2119310441646558,-0.30653016773326347
349,-0.688652147054752,0.9826992258595676,-0.7940100365774935
350,1.2681146210212986,0.3425999901330883,0.023836821782738413
351,-0.15255370307602917,0.41383929101627187,0.005749174147339159
352,0.038314305937111735,-0.25741610376807167,-0.4271378810030434
354,0.06589932633754547,-0.046579631128476955,-0.4159312227477045
355,-0.1865623311181336,0.39419392462565583,-0.2685295461350737
356,-0.04514792048361781,0.718126230962745,0.2991553489188185
358,0.6043495522700852,-0.26983205343724187,0.21827046210783305
359,-0.2685295461350737,0.8252042414820084,-0.01789777342957052
361,-0.2564678999644121,0.15444623130408788,-0.12115393167554019
362,0.7074885335289743,0.49879215552225575,-0.215051310383986
363,-0.25979187988943087,-0.20059728607612978,-0.0012864828562700083
364,-0.3680363385926305,0.4275064821304797,-0.33715777588202445
365,-0.1232225764535242,-0.45137298713576074,0.3514407586226348
366,-0.4203689352686558,1.2674029353016083,0.6537989256227885
